# mean, investigation_time=50.0, imt="PGA"
lon,lat,depth,poe-0.005,poe-0.007,poe-0.0098,poe-0.0137,poe-0.0192,poe-0.0269,poe-0.0376,poe-0.0527,poe-0.0738,poe-0.103,poe-0.145,poe-0.203,poe-0.284,poe-0.397,poe-0.556,poe-0.778,poe-1.09,poe-1.52,poe-2.13
0.00000,0.00000,0.00000,2.500000E-01,2.500000E-01,2.499994E-01,2.499838E-01,2.498024E-01,2.485402E-01,2.429475E-01,2.302915E-01,2.045188E-01,1.702427E-01,1.282757E-01,8.861284E-02,5.231084E-02,3.313975E-02,2.049776E-02,6.096322E-03,6.096322E-03,3.086261E-03,3.086261E-03
0.00000,1.00000,0.00000,2.499961E-01,2.499390E-01,2.496978E-01,2.484265E-01,2.432919E-01,2.271638E-01,2.061546E-01,1.792745E-01,1.384489E-01,8.346846E-02,4.730632E-02,3.073616E-02,1.741150E-02,9.032064E-03,3.086261E-03,3.086261E-03,0.000000E+00,0.000000E+00,0.000000E+00
0.00000,2.50000,0.00000,2.322152E-01,2.206408E-01,1.985591E-01,1.654609E-01,9.702567E-02,5.288127E-02,2.265866E-02,3.086261E-03,0.000000E+00,0.000000E+00,0.000000E+00,0.000000E+00,0.000000E+00,0.000000E+00,0.000000E+00,0.000000E+00,0.000000E+00,0.000000E+00,0.000000E+00
