# mean, investigation_time=50.0, imt="PGA"
lon,lat,depth,poe-0.005,poe-0.007,poe-0.0098,poe-0.0137,poe-0.0192,poe-0.0269,poe-0.0376,poe-0.0527,poe-0.0738,poe-0.103,poe-0.145,poe-0.203,poe-0.284,poe-0.397,poe-0.556,poe-0.778,poe-1.09,poe-1.52,poe-2.13
0.00000,0.00000,0.00000,9.439958E-01,8.961112E-01,8.270482E-01,7.318820E-01,6.255300E-01,5.374513E-01,4.332019E-01,3.227388E-01,2.346565E-01,1.552800E-01,1.065008E-01,5.573072E-02,3.442446E-02,1.419951E-02,7.813093E-03,4.435694E-03,0.000000E+00,0.000000E+00,0.000000E+00
0.00000,1.00000,0.00000,8.993815E-01,8.531196E-01,7.873396E-01,7.068598E-01,6.280050E-01,5.197397E-01,4.120299E-01,3.142812E-01,2.152719E-01,1.259988E-01,6.126798E-02,4.035430E-02,1.582164E-02,7.842501E-03,4.396873E-03,0.000000E+00,0.000000E+00,0.000000E+00,0.000000E+00
0.00000,2.50000,0.00000,5.125285E-01,4.162099E-01,3.065914E-01,1.813344E-01,8.927733E-02,4.658083E-02,1.537673E-02,4.901320E-03,0.000000E+00,0.000000E+00,0.000000E+00,0.000000E+00,0.000000E+00,0.000000E+00,0.000000E+00,0.000000E+00,0.000000E+00,0.000000E+00,0.000000E+00
