# mean, investigation_time=50.0, imt="SA(0.1)"
lon,lat,depth,poe-0.005,poe-0.007,poe-0.0098,poe-0.0137,poe-0.0192,poe-0.0269,poe-0.0376,poe-0.0527,poe-0.0738,poe-0.103,poe-0.145,poe-0.203,poe-0.284,poe-0.397,poe-0.556,poe-0.778,poe-1.09,poe-1.52,poe-2.13
0.00000,0.00000,0.00000,9.819139E-01,9.670311E-01,9.405578E-01,8.979463E-01,8.309690E-01,7.495625E-01,6.546412E-01,5.654402E-01,4.554416E-01,3.520197E-01,2.555114E-01,1.717884E-01,1.042801E-01,6.897607E-02,4.613908E-02,1.596786E-02,4.455299E-03,2.475166E-03,0.000000E+00
0.00000,1.00000,0.00000,9.484385E-01,9.311147E-01,8.969314E-01,8.385929E-01,7.797483E-01,7.020894E-01,6.039361E-01,5.282333E-01,4.393806E-01,3.344496E-01,2.419233E-01,1.568938E-01,1.031746E-01,5.707577E-02,3.005276E-02,1.459807E-02,9.773621E-03,4.435694E-03,2.475166E-03
0.00000,2.50000,0.00000,6.284520E-01,5.541803E-01,4.859288E-01,3.819902E-01,2.791744E-01,1.719492E-01,9.490788E-02,4.281784E-02,1.561793E-02,2.475166E-03,0.000000E+00,0.000000E+00,0.000000E+00,0.000000E+00,0.000000E+00,0.000000E+00,0.000000E+00,0.000000E+00,0.000000E+00
