# mean, investigation_time=50.0, imt="SA(0.1)"
lon,lat,depth,poe-0.005,poe-0.007,poe-0.0098,poe-0.0137,poe-0.0192,poe-0.0269,poe-0.0376,poe-0.0527,poe-0.0738,poe-0.103,poe-0.145,poe-0.203,poe-0.284,poe-0.397,poe-0.556,poe-0.778,poe-1.09,poe-1.52,poe-2.13
0.00000,0.00000,0.00000,2.500000E-01,2.500000E-01,2.499999E-01,2.499980E-01,2.499726E-01,2.496120E-01,2.468313E-01,2.397394E-01,2.293358E-01,2.071839E-01,1.835591E-01,1.473535E-01,1.028319E-01,6.444171E-02,4.636504E-02,2.764990E-02,1.189532E-02,6.096322E-03,0.000000E+00
0.00000,1.00000,0.00000,2.500000E-01,2.499999E-01,2.499981E-01,2.499816E-01,2.498916E-01,2.494630E-01,2.479796E-01,2.425864E-01,2.346783E-01,2.144314E-01,1.684100E-01,1.314894E-01,8.607411E-02,4.371614E-02,1.806413E-02,1.512839E-02,9.182583E-03,3.086261E-03,3.086261E-03
0.00000,2.50000,0.00000,2.466689E-01,2.409450E-01,2.361491E-01,2.083532E-01,1.881385E-01,1.540299E-01,9.296012E-02,3.374622E-02,9.032064E-03,6.096322E-03,3.086261E-03,0.000000E+00,0.000000E+00,0.000000E+00,0.000000E+00,0.000000E+00,0.000000E+00,0.000000E+00,0.000000E+00
