rlzi,sid,eid,gmv_PGA
0,0,11802570129408,4.596312E-02
0,0,12416750452736,1.888705E-03
0,0,12953621364736,1.364673E-03
0,0,13469017440256,1.931986E-03
0,1,11802570129408,1.195282E-02
0,1,12416750452736,4.542506E-04
0,1,12953621364736,3.454636E-04
0,1,13469017440256,4.144031E-04
