# mean, investigation_time=1.0
lon,lat,0.002105~PGA,0.002105~SA(0.2),0.002105~SA(1.0)
-123.23738,49.27479,5.080653E-02,1.153392E-01,3.815051E-02
-123.23282,49.26162,5.053003E-02,1.148461E-01,3.799453E-02
-123.20480,49.26786,5.102353E-02,1.156516E-01,3.811179E-02
