# mean, investigation_time=1.0, imt="SA(1.0)"
lon,lat,depth,poe-0.00101972,poe-0.0101972,poe-0.017845,poe-0.0305915,poe-0.061183,poe-0.101972,poe-0.17845,poe-0.305915,poe-0.61183,poe-1.01972,poe-1.7845,poe-2.39633
-123.23738,49.27479,0.00000,3.465127E-02,9.241880E-03,5.384495E-03,2.878662E-03,1.077651E-03,4.508732E-04,1.486240E-04,4.359892E-05,6.844671E-06,1.281936E-06,1.201543E-07,2.246918E-08
-123.23282,49.26162,0.00000,3.457257E-02,9.206509E-03,5.357887E-03,2.862449E-03,1.071035E-03,4.478267E-04,1.471932E-04,4.274565E-05,6.500372E-06,1.174288E-06,1.046094E-07,1.896954E-08
-123.20480,49.26786,0.00000,3.448354E-02,9.199672E-03,5.366268E-03,2.872137E-03,1.078026E-03,4.530794E-04,1.509444E-04,4.519254E-05,7.422693E-06,1.455207E-06,1.456971E-07,2.870125E-08
