# mean, investigation_time=1.0, imt="SA(0.2)"
lon,lat,depth,poe-0.00101972,poe-0.0101972,poe-0.017845,poe-0.0305915,poe-0.061183,poe-0.101972,poe-0.17845,poe-0.305915,poe-0.61183,poe-1.01972,poe-1.7845,poe-2.39633
-123.23738,49.27479,0.00000,4.466565E-02,2.199904E-02,1.568345E-02,1.037604E-02,5.106742E-03,2.577907E-03,1.026617E-03,3.551533E-04,7.060799E-05,1.774913E-05,2.951041E-06,9.484501E-07
-123.23282,49.26162,0.00000,4.458639E-02,2.189962E-02,1.562268E-02,1.034328E-02,5.082024E-03,2.560524E-03,1.018338E-03,3.517361E-04,6.913684E-05,1.693974E-05,2.691500E-06,8.417548E-07
-123.20480,49.26786,0.00000,4.450673E-02,2.179105E-02,1.554391E-02,1.029470E-02,5.091907E-03,2.585594E-03,1.036444E-03,3.613163E-04,7.348752E-05,1.917066E-05,3.395907E-06,1.135751E-06
