# mean, investigation_time=1.0, imt="PGA"
lon,lat,depth,poe-0.00101972,poe-0.0101972,poe-0.017845,poe-0.0305915,poe-0.061183,poe-0.101972,poe-0.17845,poe-0.305915,poe-0.61183,poe-1.01972,poe-1.7845,poe-2.39633
-123.23738,49.27479,0.00000,3.568298E-02,1.224027E-02,7.714220E-03,4.319420E-03,1.617674E-03,6.547350E-04,2.023958E-04,5.392358E-05,6.909095E-06,1.002527E-06,5.663448E-08,6.966066E-09
-123.23282,49.26162,0.00000,3.554903E-02,1.220371E-02,7.691508E-03,4.296056E-03,1.603802E-03,6.482577E-04,1.998998E-04,5.277420E-05,6.536041E-06,9.100696E-07,4.866944E-08,5.709099E-09
-123.20480,49.26786,0.00000,3.539184E-02,1.213935E-02,7.667288E-03,4.316999E-03,1.631289E-03,6.640648E-04,2.070442E-04,5.616744E-05,7.574532E-06,1.168346E-06,7.370802E-08,9.775372E-09
