# source_model_tree_path=('b1',), gsim_tree_path=('b12',), investigation_time=1.0
lon,lat,0.002105~PGA,0.002105~SA(0.2),0.002105~SA(1.0)
-123.23738,49.27479,4.189332E-02,9.559597E-02,3.100745E-02
-123.23282,49.26162,4.167645E-02,9.511285E-02,3.087749E-02
-123.20480,49.26786,4.209680E-02,9.600781E-02,3.097641E-02
