rlzi,sid,eid,gmv_PGA
0,0,4780298600448,7.660408E-02
0,0,4849018077184,7.786491E-02
0,0,5119601016832,8.297241E-02
0,0,5222680231936,8.497844E-02
0,0,5330054414336,8.710363E-02
0,0,5338644348928,8.727521E-02
0,0,5446018531328,8.943971E-02
0,0,5639292059648,9.342779E-02
0,0,5686536699904,9.442067E-02
0,0,7258494730240,1.314697E-01
0,0,8542689951744,1.672261E-01
0,0,9156870275072,1.858450E-01
0,0,9418863280128,1.940423E-01
0,0,11802570129408,2.729988E-01
