rlzi,sid,eid,gmv_PGA
0,0,4780298600448,2.407320E-01
0,0,4849018077184,2.425685E-01
0,0,4917737553920,2.444190E-01
0,0,5119601016832,2.499369E-01
0,0,5222680231936,2.528024E-01
0,0,5330054414336,2.558222E-01
0,0,5338644348928,2.560654E-01
0,0,5446018531328,2.591242E-01
0,0,5639292059648,2.647224E-01
0,0,5686536699904,2.661092E-01
0,0,7258494730240,3.166347E-01
0,0,8542689951744,3.649503E-01
0,0,9156870275072,3.905972E-01
0,0,9418863280128,4.020783E-01
0,0,11802570129408,5.233145E-01
